date,score,percent
2018-01-02,-20.0,-28.57142857142857
2018-01-03,20.0,28.57142857142857
2018-01-04,60.0,85.71428571428571
2018-01-05,40.0,57.14285714285714
2018-01-08,60.0,85.71428571428571
2018-01-09,50.0,71.42857142857143
2018-01-10,50.0,71.42857142857143
2018-01-11,50.0,71.42857142857143
2018-01-12,50.0,71.42857142857143
2018-01-15,30.0,42.857142857142854
2018-01-16,50.0,71.42857142857143
2018-01-17,50.0,71.42857142857143
2018-01-18,50.0,71.42857142857143
2018-01-19,50.0,71.42857142857143
2018-01-22,50.0,71.42857142857143
2018-01-23,70.0,100.0
2018-01-24,70.0,100.0
2018-01-25,50.0,71.42857142857143
2018-01-26,50.0,71.42857142857143
2018-01-29,50.0,71.42857142857143
2018-01-30,20.0,28.57142857142857
2018-01-31,20.0,28.57142857142857
2018-02-01,20.0,28.57142857142857
2018-02-02,10.0,14.285714285714285
2018-02-05,20.0,28.57142857142857
2018-02-06,20.0,28.57142857142857
2018-02-07,-40.0,-57.14285714285714
2018-02-08,-50.0,-71.42857142857143
2018-02-09,-60.0,-85.71428571428571
2018-02-12,-60.0,-85.71428571428571
2018-02-13,-60.0,-85.71428571428571
2018-02-14,-40.0,-57.14285714285714
2018-02-22,-20.0,-28.57142857142857
2018-02-23,-20.0,-28.57142857142857
2018-02-26,-20.0,-28.57142857142857
2018-02-27,-20.0,-28.57142857142857
2018-02-28,-20.0,-28.57142857142857
2018-03-01,-20.0,-28.57142857142857
2018-03-02,-20.0,-28.57142857142857
2018-03-05,-20.0,-28.57142857142857
2018-03-06,-30.0,-42.857142857142854
2018-03-07,-20.0,-28.57142857142857
2018-03-08,-20.0,-28.57142857142857
2018-03-09,-10.0,-14.285714285714285
2018-03-12,-20.0,-28.57142857142857
2018-03-13,-20.0,-28.57142857142857
2018-03-14,0.0,0.0
2018-03-15,0.0,0.0
2018-03-16,0.0,0.0
2018-03-19,0.0,0.0
2018-03-20,0.0,0.0
2018-03-21,10.0,14.285714285714285
2018-03-22,0.0,0.0
2018-03-23,-70.0,-100.0
2018-03-26,-70.0,-100.0
2018-03-27,-50.0,-71.42857142857143
2018-03-28,-60.0,-85.71428571428571
2018-03-29,-50.0,-71.42857142857143
2018-03-30,-20.0,-28.57142857142857
2018-04-02,-30.0,-42.857142857142854
2018-04-03,-20.0,-28.57142857142857
2018-04-04,-20.0,-28.57142857142857
2018-04-09,-20.0,-28.57142857142857
2018-04-10,-30.0,-42.857142857142854
2018-04-11,-20.0,-28.57142857142857
2018-04-12,-20.0,-28.57142857142857
2018-04-13,-20.0,-28.57142857142857
2018-04-16,-20.0,-28.57142857142857
2018-04-17,-40.0,-57.14285714285714
2018-04-18,-40.0,-57.14285714285714
2018-04-19,-20.0,-28.57142857142857
2018-04-20,-20.0,-28.57142857142857
2018-04-23,-20.0,-28.57142857142857
2018-04-24,-30.0,-42.857142857142854
2018-04-25,-20.0,-28.57142857142857
2018-04-26,-20.0,-28.57142857142857
2018-04-27,-20.0,-28.57142857142857
2018-05-02,-20.0,-28.57142857142857
2018-05-03,-20.0,-28.57142857142857
2018-05-04,-20.0,-28.57142857142857
2018-05-07,-10.0,-14.285714285714285
2018-05-08,-20.0,-28.57142857142857
2018-05-09,-10.0,-14.285714285714285
2018-05-10,-10.0,-14.285714285714285
2018-05-11,-10.0,-14.285714285714285
2018-05-14,10.0,14.285714285714285
2018-05-15,10.0,14.285714285714285
2018-05-16,10.0,14.285714285714285
2018-05-17,10.0,14.285714285714285
2018-05-18,20.0,28.57142857142857
2018-05-21,20.0,28.57142857142857
2018-05-22,20.0,28.57142857142857
2018-05-23,20.0,28.57142857142857
2018-05-24,0.0,0.0
2018-05-25,0.0,0.0
2018-05-28,0.0,0.0
2018-05-29,10.0,14.285714285714285
2018-05-30,10.0,14.285714285714285
2018-05-31,-30.0,-42.857142857142854
2018-06-01,-20.0,-28.57142857142857
2018-06-04,-20.0,-28.57142857142857
2018-06-05,-20.0,-28.57142857142857
2018-06-06,-20.0,-28.57142857142857
2018-06-07,-20.0,-28.57142857142857
2018-06-08,-30.0,-42.857142857142854
2018-06-11,-20.0,-28.57142857142857
2018-06-12,-20.0,-28.57142857142857
2018-06-13,-20.0,-28.57142857142857
2018-06-14,-20.0,-28.57142857142857
2018-06-15,-30.0,-42.857142857142854
2018-06-19,-70.0,-100.0
2018-06-20,-70.0,-100.0
2018-06-21,-70.0,-100.0
2018-06-22,-60.0,-85.71428571428571
2018-06-25,-60.0,-85.71428571428571
2018-06-26,-40.0,-57.14285714285714
2018-06-27,-40.0,-57.14285714285714
2018-06-28,-40.0,-57.14285714285714
2018-06-29,-20.0,-28.57142857142857
2018-07-02,-50.0,-71.42857142857143
2018-07-03,-50.0,-71.42857142857143
2018-07-04,-40.0,-57.14285714285714
2018-07-05,-60.0,-85.71428571428571
2018-07-06,-70.0,-100.0
2018-07-09,-20.0,-28.57142857142857
2018-07-10,-20.0,-28.57142857142857
2018-07-11,-20.0,-28.57142857142857
2018-07-12,-30.0,-42.857142857142854
2018-07-13,-20.0,-28.57142857142857
2018-07-16,-20.0,-28.57142857142857
2018-07-17,-20.0,-28.57142857142857
2018-07-18,-20.0,-28.57142857142857
2018-07-19,-20.0,-28.57142857142857
2018-07-20,-30.0,-42.857142857142854
2018-07-23,-20.0,-28.57142857142857
2018-07-24,40.0,57.14285714285714
2018-07-25,40.0,57.14285714285714
2018-07-26,40.0,57.14285714285714
2018-07-27,20.0,28.57142857142857
2018-07-30,20.0,28.57142857142857
2018-07-31,10.0,14.285714285714285
2018-08-01,10.0,14.285714285714285
2018-08-02,10.0,14.285714285714285
2018-08-03,0.0,0.0
2018-08-06,-40.0,-57.14285714285714
2018-08-07,-50.0,-71.42857142857143
2018-08-08,-50.0,-71.42857142857143
2018-08-09,-30.0,-42.857142857142854
2018-08-10,-20.0,-28.57142857142857
2018-08-13,-20.0,-28.57142857142857
2018-08-14,-20.0,-28.57142857142857
2018-08-15,-20.0,-28.57142857142857
2018-08-16,-20.0,-28.57142857142857
2018-08-17,-40.0,-57.14285714285714
2018-08-20,-40.0,-57.14285714285714
2018-08-21,-40.0,-57.14285714285714
2018-08-22,-20.0,-28.57142857142857
2018-08-23,-20.0,-28.57142857142857
2018-08-24,-20.0,-28.57142857142857
2018-08-27,-20.0,-28.57142857142857
2018-08-28,-10.0,-14.285714285714285
2018-08-29,-10.0,-14.285714285714285
2018-08-30,-20.0,-28.57142857142857
2018-08-31,-20.0,-28.57142857142857
2018-09-03,-20.0,-28.57142857142857
2018-09-04,-20.0,-28.57142857142857
2018-09-05,-20.0,-28.57142857142857
2018-09-06,-20.0,-28.57142857142857
2018-09-07,-20.0,-28.57142857142857
2018-09-10,-20.0,-28.57142857142857
2018-09-11,-20.0,-28.57142857142857
2018-09-12,-20.0,-28.57142857142857
2018-09-13,-30.0,-42.857142857142854
2018-09-14,-20.0,-28.57142857142857
2018-09-17,-20.0,-28.57142857142857
2018-09-18,-30.0,-42.857142857142854
2018-09-19,-20.0,-28.57142857142857
2018-09-20,-20.0,-28.57142857142857
2018-09-21,-20.0,-28.57142857142857
2018-09-25,-20.0,-28.57142857142857
2018-09-26,-20.0,-28.57142857142857
2018-09-27,20.0,28.57142857142857
2018-09-28,40.0,57.14285714285714
2018-10-08,10.0,14.285714285714285
2018-10-09,10.0,14.285714285714285
2018-10-10,0.0,0.0
2018-10-11,10.0,14.285714285714285
2018-10-12,10.0,14.285714285714285
2018-10-15,-40.0,-57.14285714285714
2018-10-16,-40.0,-57.14285714285714
2018-10-17,-50.0,-71.42857142857143
2018-10-18,-60.0,-85.71428571428571
2018-10-19,-50.0,-71.42857142857143
2018-10-22,-20.0,-28.57142857142857
2018-10-23,-30.0,-42.857142857142854
2018-10-24,-30.0,-42.857142857142854
2018-10-25,-30.0,-42.857142857142854
2018-10-26,-30.0,-42.857142857142854
2018-10-29,-40.0,-57.14285714285714
2018-10-30,-30.0,-42.857142857142854
2018-10-31,-30.0,-42.857142857142854
2018-11-01,-30.0,-42.857142857142854
2018-11-02,-20.0,-28.57142857142857
2018-11-05,-20.0,-28.57142857142857
2018-11-06,-20.0,-28.57142857142857
2018-11-07,20.0,28.57142857142857
2018-11-08,10.0,14.285714285714285
2018-11-09,0.0,0.0
2018-11-12,20.0,28.57142857142857
2018-11-13,20.0,28.57142857142857
2018-11-14,20.0,28.57142857142857
2018-11-15,20.0,28.57142857142857
2018-11-16,40.0,57.14285714285714
2018-11-19,20.0,28.57142857142857
2018-11-20,20.0,28.57142857142857
2018-11-21,10.0,14.285714285714285
2018-11-22,10.0,14.285714285714285
2018-11-23,0.0,0.0
2018-11-26,0.0,0.0
2018-11-27,0.0,0.0
2018-11-28,-20.0,-28.57142857142857
2018-11-29,-20.0,-28.57142857142857
2018-11-30,-20.0,-28.57142857142857
2018-12-03,-20.0,-28.57142857142857
2018-12-04,-10.0,-14.285714285714285
2018-12-05,-10.0,-14.285714285714285
2018-12-06,-20.0,-28.57142857142857
2018-12-07,-20.0,-28.57142857142857
2018-12-10,-20.0,-28.57142857142857
2018-12-11,-20.0,-28.57142857142857
2018-12-12,-20.0,-28.57142857142857
2018-12-13,-10.0,-14.285714285714285
2018-12-14,-20.0,-28.57142857142857
2018-12-17,-20.0,-28.57142857142857
2018-12-18,-20.0,-28.57142857142857
2018-12-19,-20.0,-28.57142857142857
2018-12-20,-20.0,-28.57142857142857
2018-12-21,-20.0,-28.57142857142857
2018-12-24,-20.0,-28.57142857142857
2018-12-25,-30.0,-42.857142857142854
2018-12-26,-20.0,-28.57142857142857
2018-12-27,-30.0,-42.857142857142854
2018-12-28,-20.0,-28.57142857142857
2019-01-02,-40.0,-57.14285714285714
2019-01-03,-50.0,-71.42857142857143
2019-01-04,-30.0,-42.857142857142854
2019-01-07,-30.0,-42.857142857142854
2019-01-08,-30.0,-42.857142857142854
2019-01-09,-20.0,-28.57142857142857
2019-01-10,-30.0,-42.857142857142854
2019-01-11,-20.0,-28.57142857142857
2019-01-14,-30.0,-42.857142857142854
2019-01-15,-20.0,-28.57142857142857
2019-01-16,-20.0,-28.57142857142857
2019-01-17,-20.0,-28.57142857142857
2019-01-18,20.0,28.57142857142857
2019-01-21,20.0,28.57142857142857
2019-01-22,20.0,28.57142857142857
2019-01-23,10.0,14.285714285714285
2019-01-24,20.0,28.57142857142857
2019-01-25,20.0,28.57142857142857
2019-01-28,10.0,14.285714285714285
2019-01-29,20.0,28.57142857142857
2019-01-30,10.0,14.285714285714285
2019-01-31,10.0,14.285714285714285
2019-02-01,10.0,14.285714285714285
2019-02-11,60.0,85.71428571428571
2019-02-12,60.0,85.71428571428571
2019-02-13,70.0,100.0
2019-02-14,70.0,100.0
2019-02-15,50.0,71.42857142857143
2019-02-18,70.0,100.0
2019-02-19,70.0,100.0
2019-02-20,50.0,71.42857142857143
2019-02-21,50.0,71.42857142857143
2019-02-22,70.0,100.0
2019-02-25,70.0,100.0
2019-02-26,70.0,100.0
2019-02-27,70.0,100.0
2019-02-28,70.0,100.0
2019-03-01,70.0,100.0
2019-03-04,50.0,71.42857142857143
2019-03-05,70.0,100.0
2019-03-06,70.0,100.0
2019-03-07,70.0,100.0
2019-03-08,30.0,42.857142857142854
2019-03-11,50.0,71.42857142857143
2019-03-12,70.0,100.0
2019-03-13,30.0,42.857142857142854
2019-03-14,20.0,28.57142857142857
2019-03-15,40.0,57.14285714285714
2019-03-18,60.0,85.71428571428571
2019-03-19,60.0,85.71428571428571
2019-03-20,60.0,85.71428571428571
2019-03-21,60.0,85.71428571428571
2019-03-22,40.0,57.14285714285714
2019-03-25,20.0,28.57142857142857
2019-03-26,10.0,14.285714285714285
2019-03-27,20.0,28.57142857142857
2019-03-28,10.0,14.285714285714285
2019-03-29,20.0,28.57142857142857
2019-04-01,70.0,100.0
2019-04-02,70.0,100.0
2019-04-03,70.0,100.0
2019-04-04,70.0,100.0
2019-04-08,70.0,100.0
2019-04-09,40.0,57.14285714285714
2019-04-10,40.0,57.14285714285714
2019-04-11,20.0,28.57142857142857
2019-04-12,20.0,28.57142857142857
2019-04-15,20.0,28.57142857142857
2019-04-16,40.0,57.14285714285714
2019-04-17,40.0,57.14285714285714
2019-04-18,40.0,57.14285714285714
2019-04-19,40.0,57.14285714285714
2019-04-22,20.0,28.57142857142857
2019-04-23,20.0,28.57142857142857
2019-04-24,20.0,28.57142857142857
2019-04-25,10.0,14.285714285714285
2019-04-26,10.0,14.285714285714285
2019-04-29,10.0,14.285714285714285
2019-04-30,-30.0,-42.857142857142854
2019-05-06,-50.0,-71.42857142857143
2019-05-07,-50.0,-71.42857142857143
2019-05-08,-50.0,-71.42857142857143
2019-05-09,-50.0,-71.42857142857143
2019-05-10,-30.0,-42.857142857142854
2019-05-13,-10.0,-14.285714285714285
2019-05-14,-10.0,-14.285714285714285
2019-05-15,-10.0,-14.285714285714285
2019-05-16,-10.0,-14.285714285714285
2019-05-17,-10.0,-14.285714285714285
2019-05-20,-20.0,-28.57142857142857
2019-05-21,-20.0,-28.57142857142857
2019-05-22,-20.0,-28.57142857142857
2019-05-23,-20.0,-28.57142857142857
2019-05-24,-20.0,-28.57142857142857
2019-05-27,-20.0,-28.57142857142857
2019-05-28,-20.0,-28.57142857142857
2019-05-29,-20.0,-28.57142857142857
2019-05-30,-20.0,-28.57142857142857
2019-05-31,-20.0,-28.57142857142857
2019-06-03,-20.0,-28.57142857142857
2019-06-04,-20.0,-28.57142857142857
2019-06-05,-20.0,-28.57142857142857
2019-06-06,-20.0,-28.57142857142857
2019-06-10,-20.0,-28.57142857142857
2019-06-11,-20.0,-28.57142857142857
2019-06-12,-20.0,-28.57142857142857
2019-06-13,-20.0,-28.57142857142857
2019-06-14,-30.0,-42.857142857142854
2019-06-17,-20.0,-28.57142857142857
2019-06-18,-20.0,-28.57142857142857
2019-06-19,20.0,28.57142857142857
2019-06-20,40.0,57.14285714285714
2019-06-21,40.0,57.14285714285714
2019-06-24,60.0,85.71428571428571
2019-06-25,40.0,57.14285714285714
2019-06-26,30.0,42.857142857142854
2019-06-27,10.0,14.285714285714285
2019-06-28,10.0,14.285714285714285
2019-07-01,50.0,71.42857142857143
2019-07-02,50.0,71.42857142857143
2019-07-03,20.0,28.57142857142857
2019-07-04,20.0,28.57142857142857
2019-07-05,20.0,28.57142857142857
2019-07-08,10.0,14.285714285714285
2019-07-09,10.0,14.285714285714285
2019-07-10,10.0,14.285714285714285
2019-07-11,10.0,14.285714285714285
2019-07-12,10.0,14.285714285714285
2019-07-15,10.0,14.285714285714285
2019-07-16,-20.0,-28.57142857142857
2019-07-17,-20.0,-28.57142857142857
2019-07-18,-20.0,-28.57142857142857
2019-07-19,-20.0,-28.57142857142857
2019-07-22,-30.0,-42.857142857142854
2019-07-23,-20.0,-28.57142857142857
2019-07-24,-20.0,-28.57142857142857
2019-07-25,-10.0,-14.285714285714285
2019-07-26,-10.0,-14.285714285714285
2019-07-29,-10.0,-14.285714285714285
2019-07-30,-10.0,-14.285714285714285
2019-07-31,-20.0,-28.57142857142857
2019-08-01,-20.0,-28.57142857142857
2019-08-02,-30.0,-42.857142857142854
2019-08-05,-70.0,-100.0
2019-08-06,-70.0,-100.0
2019-08-07,-70.0,-100.0
2019-08-08,-40.0,-57.14285714285714
2019-08-09,-40.0,-57.14285714285714
2019-08-12,-20.0,-28.57142857142857
2019-08-13,-20.0,-28.57142857142857
2019-08-14,-20.0,-28.57142857142857
2019-08-15,-20.0,-28.57142857142857
2019-08-16,-20.0,-28.57142857142857
2019-08-19,-20.0,-28.57142857142857
2019-08-20,-20.0,-28.57142857142857
2019-08-21,-20.0,-28.57142857142857
2019-08-22,-10.0,-14.285714285714285
2019-08-23,-20.0,-28.57142857142857
2019-08-26,-20.0,-28.57142857142857
2019-08-27,-20.0,-28.57142857142857
2019-08-28,20.0,28.57142857142857
2019-08-29,20.0,28.57142857142857
2019-08-30,20.0,28.57142857142857
2019-09-02,20.0,28.57142857142857
2019-09-03,20.0,28.57142857142857
2019-09-04,40.0,57.14285714285714
2019-09-05,60.0,85.71428571428571
2019-09-06,70.0,100.0
2019-09-09,70.0,100.0
2019-09-10,70.0,100.0
2019-09-11,50.0,71.42857142857143
2019-09-12,40.0,57.14285714285714
2019-09-16,50.0,71.42857142857143
2019-09-17,30.0,42.857142857142854
2019-09-18,20.0,28.57142857142857
2019-09-19,20.0,28.57142857142857
2019-09-20,20.0,28.57142857142857
2019-09-23,20.0,28.57142857142857
2019-09-24,20.0,28.57142857142857
2019-09-25,10.0,14.285714285714285
2019-09-26,10.0,14.285714285714285
2019-09-27,10.0,14.285714285714285
2019-09-30,10.0,14.285714285714285
2019-10-08,-10.0,-14.285714285714285
2019-10-09,-10.0,-14.285714285714285
2019-10-10,-10.0,-14.285714285714285
2019-10-11,0.0,0.0
2019-10-14,-10.0,-14.285714285714285
2019-10-15,0.0,0.0
2019-10-16,0.0,0.0
2019-10-17,0.0,0.0
2019-10-18,-10.0,-14.285714285714285
2019-10-21,-10.0,-14.285714285714285
2019-10-22,-10.0,-14.285714285714285
2019-10-23,-10.0,-14.285714285714285
2019-10-24,-10.0,-14.285714285714285
2019-10-25,-10.0,-14.285714285714285
2019-10-28,-10.0,-14.285714285714285
2019-10-29,-20.0,-28.57142857142857
2019-10-30,20.0,28.57142857142857
2019-10-31,20.0,28.57142857142857
2019-11-01,30.0,42.857142857142854
2019-11-04,30.0,42.857142857142854
2019-11-05,30.0,42.857142857142854
2019-11-06,30.0,42.857142857142854
2019-11-07,0.0,0.0
2019-11-08,0.0,0.0
2019-11-11,-20.0,-28.57142857142857
2019-11-12,-10.0,-14.285714285714285
2019-11-13,-10.0,-14.285714285714285
2019-11-14,-10.0,-14.285714285714285
2019-11-15,-20.0,-28.57142857142857
2019-11-18,-20.0,-28.57142857142857
2019-11-19,-20.0,-28.57142857142857
2019-11-20,-20.0,-28.57142857142857
2019-11-21,-20.0,-28.57142857142857
2019-11-22,-30.0,-42.857142857142854
2019-11-25,-30.0,-42.857142857142854
2019-11-26,-30.0,-42.857142857142854
2019-11-27,-20.0,-28.57142857142857
2019-11-28,-20.0,-28.57142857142857
2019-11-29,-20.0,-28.57142857142857
2019-12-02,-20.0,-28.57142857142857
2019-12-03,-20.0,-28.57142857142857
2019-12-04,-20.0,-28.57142857142857
2019-12-05,-30.0,-42.857142857142854
2019-12-06,-10.0,-14.285714285714285
2019-12-09,-20.0,-28.57142857142857
2019-12-10,-20.0,-28.57142857142857
2019-12-11,-20.0,-28.57142857142857
2019-12-12,-20.0,-28.57142857142857
2019-12-13,40.0,57.14285714285714
2019-12-16,40.0,57.14285714285714
2019-12-17,70.0,100.0
2019-12-18,70.0,100.0
2019-12-19,70.0,100.0
2019-12-20,50.0,71.42857142857143
2019-12-23,30.0,42.857142857142854
2019-12-24,20.0,28.57142857142857
2019-12-25,30.0,42.857142857142854
2019-12-26,30.0,42.857142857142854
2019-12-27,30.0,42.857142857142854
2019-12-30,50.0,71.42857142857143
2019-12-31,50.0,71.42857142857143
2020-01-02,70.0,100.0
2020-01-03,50.0,71.42857142857143
2020-01-06,50.0,71.42857142857143
2020-01-07,50.0,71.42857142857143
2020-01-08,30.0,42.857142857142854
2020-01-09,50.0,71.42857142857143
2020-01-10,40.0,57.14285714285714
2020-01-13,40.0,57.14285714285714
2020-01-14,40.0,57.14285714285714
2020-01-15,20.0,28.57142857142857
2020-01-16,20.0,28.57142857142857
2020-01-17,20.0,28.57142857142857
2020-01-20,20.0,28.57142857142857
2020-01-21,20.0,28.57142857142857
2020-01-22,20.0,28.57142857142857
2020-01-23,20.0,28.57142857142857
2020-02-03,-50.0,-71.42857142857143
2020-02-04,-60.0,-85.71428571428571
2020-02-05,-40.0,-57.14285714285714
2020-02-06,-50.0,-71.42857142857143
2020-02-07,-50.0,-71.42857142857143
2020-02-10,-30.0,-42.857142857142854
2020-02-11,-30.0,-42.857142857142854
2020-02-12,-20.0,-28.57142857142857
2020-02-13,-30.0,-42.857142857142854
2020-02-14,-20.0,-28.57142857142857
2020-02-17,-20.0,-28.57142857142857
2020-02-18,-20.0,-28.57142857142857
2020-02-19,-20.0,-28.57142857142857
2020-02-20,-20.0,-28.57142857142857
2020-02-21,-20.0,-28.57142857142857
2020-02-24,-10.0,-14.285714285714285
2020-02-25,30.0,42.857142857142854
2020-02-26,30.0,42.857142857142854
2020-02-27,30.0,42.857142857142854
2020-02-28,10.0,14.285714285714285
2020-03-02,20.0,28.57142857142857
2020-03-03,20.0,28.57142857142857
2020-03-04,50.0,71.42857142857143
2020-03-05,50.0,71.42857142857143
2020-03-06,50.0,71.42857142857143
2020-03-09,20.0,28.57142857142857
2020-03-10,50.0,71.42857142857143
2020-03-11,10.0,14.285714285714285
2020-03-12,10.0,14.285714285714285
2020-03-13,-40.0,-57.14285714285714
2020-03-16,-40.0,-57.14285714285714
2020-03-17,-40.0,-57.14285714285714
2020-03-18,-60.0,-85.71428571428571
2020-03-19,-60.0,-85.71428571428571
2020-03-20,-40.0,-57.14285714285714
2020-03-23,-60.0,-85.71428571428571
2020-03-24,-40.0,-57.14285714285714
2020-03-25,-20.0,-28.57142857142857
2020-03-26,-20.0,-28.57142857142857
2020-03-27,-20.0,-28.57142857142857
2020-03-30,-20.0,-28.57142857142857
2020-03-31,-20.0,-28.57142857142857
2020-04-01,-20.0,-28.57142857142857
2020-04-02,-20.0,-28.57142857142857
2020-04-03,-20.0,-28.57142857142857
2020-04-07,-10.0,-14.285714285714285
2020-04-08,-10.0,-14.285714285714285
2020-04-09,-10.0,-14.285714285714285
2020-04-10,-20.0,-28.57142857142857
2020-04-13,-20.0,-28.57142857142857
2020-04-14,10.0,14.285714285714285
2020-04-15,10.0,14.285714285714285
2020-04-16,10.0,14.285714285714285
2020-04-17,20.0,28.57142857142857
2020-04-20,10.0,14.285714285714285
2020-04-21,20.0,28.57142857142857
2020-04-22,10.0,14.285714285714285
2020-04-23,20.0,28.57142857142857
2020-04-24,10.0,14.285714285714285
2020-04-27,0.0,0.0
2020-04-28,10.0,14.285714285714285
2020-04-29,10.0,14.285714285714285
2020-04-30,20.0,28.57142857142857
2020-05-06,20.0,28.57142857142857
2020-05-07,10.0,14.285714285714285
2020-05-08,40.0,57.14285714285714
2020-05-11,20.0,28.57142857142857
2020-05-12,10.0,14.285714285714285
2020-05-13,10.0,14.285714285714285
2020-05-14,10.0,14.285714285714285
2020-05-15,10.0,14.285714285714285
2020-05-18,20.0,28.57142857142857
2020-05-19,10.0,14.285714285714285
2020-05-20,10.0,14.285714285714285
2020-05-21,10.0,14.285714285714285
2020-05-22,0.0,0.0
2020-05-25,0.0,0.0
2020-05-26,0.0,0.0
2020-05-27,0.0,0.0
2020-05-28,0.0,0.0
2020-05-29,-10.0,-14.285714285714285
2020-06-01,-20.0,-28.57142857142857
2020-06-02,-20.0,-28.57142857142857
2020-06-03,-10.0,-14.285714285714285
2020-06-04,-10.0,-14.285714285714285
2020-06-05,50.0,71.42857142857143
2020-06-08,50.0,71.42857142857143
2020-06-09,40.0,57.14285714285714
2020-06-10,40.0,57.14285714285714
2020-06-11,30.0,42.857142857142854
2020-06-12,30.0,42.857142857142854
2020-06-15,20.0,28.57142857142857
2020-06-16,30.0,42.857142857142854
2020-06-17,30.0,42.857142857142854
2020-06-18,30.0,42.857142857142854
2020-06-19,50.0,71.42857142857143
2020-06-22,30.0,42.857142857142854
2020-06-23,40.0,57.14285714285714
2020-06-24,40.0,57.14285714285714
2020-06-29,20.0,28.57142857142857
2020-06-30,40.0,57.14285714285714
2020-07-01,50.0,71.42857142857143
2020-07-02,70.0,100.0
2020-07-03,70.0,100.0
2020-07-06,70.0,100.0
2020-07-07,70.0,100.0
2020-07-08,70.0,100.0
2020-07-09,70.0,100.0
2020-07-10,70.0,100.0
2020-07-13,70.0,100.0
2020-07-14,70.0,100.0
2020-07-15,50.0,71.42857142857143
2020-07-16,30.0,42.857142857142854
2020-07-17,20.0,28.57142857142857
2020-07-20,20.0,28.57142857142857
2020-07-21,20.0,28.57142857142857
2020-07-22,20.0,28.57142857142857
2020-07-23,40.0,57.14285714285714
2020-07-24,10.0,14.285714285714285
2020-07-27,10.0,14.285714285714285
2020-07-28,10.0,14.285714285714285
2020-07-29,20.0,28.57142857142857
2020-07-30,20.0,28.57142857142857
2020-07-31,0.0,0.0
2020-08-03,0.0,0.0
2020-08-04,-10.0,-14.285714285714285
2020-08-05,0.0,0.0
2020-08-06,-10.0,-14.285714285714285
2020-08-07,0.0,0.0
2020-08-10,20.0,28.57142857142857
2020-08-11,30.0,42.857142857142854
2020-08-12,20.0,28.57142857142857
2020-08-13,20.0,28.57142857142857
2020-08-14,20.0,28.57142857142857
2020-08-17,70.0,100.0
2020-08-18,70.0,100.0
2020-08-19,50.0,71.42857142857143
2020-08-20,40.0,57.14285714285714
2020-08-21,20.0,28.57142857142857
2020-08-24,20.0,28.57142857142857
2020-08-25,20.0,28.57142857142857
2020-08-26,10.0,14.285714285714285
2020-08-27,10.0,14.285714285714285
2020-08-28,20.0,28.57142857142857
2020-08-31,20.0,28.57142857142857
2020-09-01,20.0,28.57142857142857
2020-09-02,20.0,28.57142857142857
2020-09-03,20.0,28.57142857142857
2020-09-04,10.0,14.285714285714285
2020-09-07,-10.0,-14.285714285714285
2020-09-08,-10.0,-14.285714285714285
2020-09-09,-40.0,-57.14285714285714
2020-09-10,-40.0,-57.14285714285714
2020-09-11,-10.0,-14.285714285714285
2020-09-14,-10.0,-14.285714285714285
2020-09-15,-10.0,-14.285714285714285
2020-09-16,-10.0,-14.285714285714285
2020-09-17,-10.0,-14.285714285714285
2020-09-18,0.0,0.0
2020-09-21,0.0,0.0
2020-09-22,-10.0,-14.285714285714285
2020-09-23,-10.0,-14.285714285714285
2020-09-24,-10.0,-14.285714285714285
2020-09-25,-10.0,-14.285714285714285
2020-09-28,-10.0,-14.285714285714285
2020-09-29,-10.0,-14.285714285714285
2020-09-30,-10.0,-14.285714285714285
2020-10-09,-10.0,-14.285714285714285
2020-10-12,-10.0,-14.285714285714285
2020-10-13,0.0,0.0
2020-10-14,40.0,57.14285714285714
2020-10-15,40.0,57.14285714285714
2020-10-16,20.0,28.57142857142857
2020-10-19,30.0,42.857142857142854
2020-10-20,20.0,28.57142857142857
2020-10-21,20.0,28.57142857142857
2020-10-22,20.0,28.57142857142857
2020-10-23,10.0,14.285714285714285
2020-10-26,10.0,14.285714285714285
2020-10-27,10.0,14.285714285714285
2020-10-28,10.0,14.285714285714285
2020-10-29,20.0,28.57142857142857
2020-10-30,20.0,28.57142857142857
2020-11-02,-20.0,-28.57142857142857
2020-11-03,-20.0,-28.57142857142857
2020-11-04,-10.0,-14.285714285714285
2020-11-05,-10.0,-14.285714285714285
2020-11-06,-10.0,-14.285714285714285
2020-11-09,-10.0,-14.285714285714285
2020-11-10,-10.0,-14.285714285714285
2020-11-11,-10.0,-14.285714285714285
2020-11-12,-10.0,-14.285714285714285
2020-11-13,30.0,42.857142857142854
2020-11-16,30.0,42.857142857142854
2020-11-17,30.0,42.857142857142854
2020-11-18,30.0,42.857142857142854
2020-11-19,30.0,42.857142857142854
2020-11-20,30.0,42.857142857142854
2020-11-23,50.0,71.42857142857143
2020-11-24,30.0,42.857142857142854
2020-11-25,30.0,42.857142857142854
2020-11-26,20.0,28.57142857142857
2020-11-27,30.0,42.857142857142854
2020-11-30,30.0,42.857142857142854
2020-12-01,50.0,71.42857142857143
2020-12-02,50.0,71.42857142857143
2020-12-03,30.0,42.857142857142854
2020-12-04,20.0,28.57142857142857
2020-12-07,20.0,28.57142857142857
2020-12-08,20.0,28.57142857142857
2020-12-09,10.0,14.285714285714285
2020-12-10,10.0,14.285714285714285
2020-12-11,20.0,28.57142857142857
2020-12-14,10.0,14.285714285714285
2020-12-15,10.0,14.285714285714285
2020-12-16,-10.0,-14.285714285714285
2020-12-17,0.0,0.0
2020-12-18,0.0,0.0
2020-12-21,-10.0,-14.285714285714285
2020-12-22,-20.0,-28.57142857142857
2020-12-23,-20.0,-28.57142857142857
2020-12-24,-10.0,-14.285714285714285
2020-12-25,-10.0,-14.285714285714285
2020-12-28,-10.0,-14.285714285714285
2020-12-29,-20.0,-28.57142857142857
2020-12-30,-10.0,-14.285714285714285
2020-12-31,-10.0,-14.285714285714285
2021-01-04,70.0,100.0
2021-01-05,70.0,100.0
2021-01-06,70.0,100.0
2021-01-07,70.0,100.0
2021-01-08,50.0,71.42857142857143
2021-01-11,30.0,42.857142857142854
2021-01-12,50.0,71.42857142857143
2021-01-13,50.0,71.42857142857143
2021-01-14,30.0,42.857142857142854
2021-01-15,20.0,28.57142857142857
2021-01-18,40.0,57.14285714285714
2021-01-19,20.0,28.57142857142857
2021-01-20,20.0,28.57142857142857
2021-01-21,40.0,57.14285714285714
2021-01-22,20.0,28.57142857142857
2021-01-25,40.0,57.14285714285714
2021-01-26,20.0,28.57142857142857
2021-01-27,20.0,28.57142857142857
2021-01-28,10.0,14.285714285714285
2021-01-29,10.0,14.285714285714285
2021-02-01,10.0,14.285714285714285
2021-02-02,-10.0,-14.285714285714285
2021-02-03,-10.0,-14.285714285714285
2021-02-04,-10.0,-14.285714285714285
2021-02-05,-10.0,-14.285714285714285
2021-02-08,0.0,0.0
2021-02-09,0.0,0.0
2021-02-10,0.0,0.0
2021-02-18,-10.0,-14.285714285714285
2021-02-19,70.0,100.0
2021-02-22,50.0,71.42857142857143
2021-02-23,30.0,42.857142857142854
2021-02-24,20.0,28.57142857142857
2021-02-25,30.0,42.857142857142854
2021-02-26,20.0,28.57142857142857
2021-03-01,20.0,28.57142857142857
2021-03-02,20.0,28.57142857142857
2021-03-03,30.0,42.857142857142854
2021-03-04,20.0,28.57142857142857
2021-03-05,20.0,28.57142857142857
2021-03-08,-40.0,-57.14285714285714
2021-03-09,-40.0,-57.14285714285714
2021-03-10,-30.0,-42.857142857142854
2021-03-11,-30.0,-42.857142857142854
2021-03-12,-40.0,-57.14285714285714
2021-03-15,-30.0,-42.857142857142854
2021-03-16,-20.0,-28.57142857142857
2021-03-17,-20.0,-28.57142857142857
2021-03-18,-20.0,-28.57142857142857
2021-03-19,-20.0,-28.57142857142857
2021-03-22,-20.0,-28.57142857142857
2021-03-23,-20.0,-28.57142857142857
2021-03-24,-20.0,-28.57142857142857
2021-03-25,-20.0,-28.57142857142857
2021-03-26,-20.0,-28.57142857142857
2021-03-29,-20.0,-28.57142857142857
2021-03-30,-10.0,-14.285714285714285
2021-03-31,-20.0,-28.57142857142857
2021-04-01,-10.0,-14.285714285714285
2021-04-02,-10.0,-14.285714285714285
2021-04-06,10.0,14.285714285714285
2021-04-07,10.0,14.285714285714285
2021-04-08,20.0,28.57142857142857
2021-04-09,0.0,0.0
2021-04-12,10.0,14.285714285714285
2021-04-13,0.0,0.0
2021-04-14,0.0,0.0
2021-04-15,-20.0,-28.57142857142857
2021-04-16,-20.0,-28.57142857142857
2021-04-19,20.0,28.57142857142857
2021-04-20,20.0,28.57142857142857
2021-04-21,10.0,14.285714285714285
2021-04-22,10.0,14.285714285714285
2021-04-23,10.0,14.285714285714285
2021-04-26,10.0,14.285714285714285
2021-04-27,-20.0,-28.57142857142857
2021-04-28,-10.0,-14.285714285714285
2021-04-29,-20.0,-28.57142857142857
2021-04-30,-30.0,-42.857142857142854
2021-05-06,-30.0,-42.857142857142854
2021-05-07,-30.0,-42.857142857142854
2021-05-10,-30.0,-42.857142857142854
2021-05-11,-30.0,-42.857142857142854
2021-05-12,20.0,28.57142857142857
2021-05-13,10.0,14.285714285714285
2021-05-14,20.0,28.57142857142857
2021-05-17,20.0,28.57142857142857
2021-05-18,20.0,28.57142857142857
2021-05-19,20.0,28.57142857142857
2021-05-20,30.0,42.857142857142854
2021-05-21,20.0,28.57142857142857
2021-05-24,20.0,28.57142857142857
2021-05-25,50.0,71.42857142857143
2021-05-26,70.0,100.0
2021-05-27,60.0,85.71428571428571
2021-05-28,70.0,100.0
2021-05-31,70.0,100.0
2021-06-01,50.0,71.42857142857143
2021-06-02,30.0,42.857142857142854
2021-06-03,30.0,42.857142857142854
2021-06-04,30.0,42.857142857142854
2021-06-07,20.0,28.57142857142857
2021-06-08,20.0,28.57142857142857
2021-06-09,20.0,28.57142857142857
2021-06-10,20.0,28.57142857142857
2021-06-11,30.0,42.857142857142854
2021-06-15,20.0,28.57142857142857
2021-06-16,10.0,14.285714285714285
2021-06-17,10.0,14.285714285714285
2021-06-18,10.0,14.285714285714285
2021-06-21,-10.0,-14.285714285714285
2021-06-22,0.0,0.0
2021-06-23,0.0,0.0
2021-06-24,-10.0,-14.285714285714285
2021-06-25,-10.0,-14.285714285714285
2021-06-28,0.0,0.0
2021-06-29,0.0,0.0
2021-06-30,0.0,0.0
2021-07-01,0.0,0.0
2021-07-02,-10.0,-14.285714285714285
2021-07-05,-10.0,-14.285714285714285
2021-07-06,-20.0,-28.57142857142857
2021-07-07,-20.0,-28.57142857142857
2021-07-08,-20.0,-28.57142857142857
2021-07-09,-20.0,-28.57142857142857
2021-07-12,-20.0,-28.57142857142857
2021-07-13,-10.0,-14.285714285714285
2021-07-14,-20.0,-28.57142857142857
2021-07-15,-10.0,-14.285714285714285
2021-07-16,-20.0,-28.57142857142857
2021-07-19,-20.0,-28.57142857142857
2021-07-20,-10.0,-14.285714285714285
2021-07-21,-10.0,-14.285714285714285
2021-07-22,-10.0,-14.285714285714285
2021-07-23,-20.0,-28.57142857142857
2021-07-26,-20.0,-28.57142857142857
2021-07-27,-70.0,-100.0
2021-07-28,-70.0,-100.0
2021-07-29,-40.0,-57.14285714285714
2021-07-30,-50.0,-71.42857142857143
2021-08-02,-30.0,-42.857142857142854
2021-08-03,-30.0,-42.857142857142854
2021-08-04,-20.0,-28.57142857142857
2021-08-05,-20.0,-28.57142857142857
2021-08-06,-20.0,-28.57142857142857
2021-08-09,-10.0,-14.285714285714285
2021-08-10,-10.0,-14.285714285714285
2021-08-11,-20.0,-28.57142857142857
2021-08-12,-20.0,-28.57142857142857
2021-08-13,-20.0,-28.57142857142857
2021-08-16,-20.0,-28.57142857142857
2021-08-17,-30.0,-42.857142857142854
2021-08-18,-30.0,-42.857142857142854
2021-08-19,0.0,0.0
2021-08-20,10.0,14.285714285714285
2021-08-23,10.0,14.285714285714285
2021-08-24,20.0,28.57142857142857
2021-08-25,40.0,57.14285714285714
2021-08-26,40.0,57.14285714285714
2021-08-27,40.0,57.14285714285714
2021-08-30,20.0,28.57142857142857
2021-08-31,20.0,28.57142857142857
2021-09-01,20.0,28.57142857142857
2021-09-02,30.0,42.857142857142854
2021-09-03,30.0,42.857142857142854
2021-09-06,50.0,71.42857142857143
2021-09-07,70.0,100.0
2021-09-08,70.0,100.0
2021-09-09,70.0,100.0
2021-09-10,70.0,100.0
2021-09-13,50.0,71.42857142857143
2021-09-14,30.0,42.857142857142854
2021-09-15,20.0,28.57142857142857
2021-09-16,20.0,28.57142857142857
2021-09-17,20.0,28.57142857142857
2021-09-22,20.0,28.57142857142857
2021-09-23,20.0,28.57142857142857
2021-09-24,10.0,14.285714285714285
2021-09-27,10.0,14.285714285714285
2021-09-28,10.0,14.285714285714285
2021-09-29,10.0,14.285714285714285
2021-09-30,-10.0,-14.285714285714285
2021-10-08,-10.0,-14.285714285714285
2021-10-11,-10.0,-14.285714285714285
2021-10-12,-10.0,-14.285714285714285
2021-10-13,-10.0,-14.285714285714285
2021-10-14,-10.0,-14.285714285714285
2021-10-15,-10.0,-14.285714285714285
2021-10-18,-10.0,-14.285714285714285
2021-10-19,0.0,0.0
2021-10-20,0.0,0.0
2021-10-21,0.0,0.0
2021-10-22,-10.0,-14.285714285714285
2021-10-25,0.0,0.0
2021-10-26,0.0,0.0
2021-10-27,-10.0,-14.285714285714285
2021-10-28,-10.0,-14.285714285714285
2021-10-29,-10.0,-14.285714285714285
2021-11-01,-20.0,-28.57142857142857
2021-11-02,-20.0,-28.57142857142857
2021-11-03,-20.0,-28.57142857142857
2021-11-04,-20.0,-28.57142857142857
2021-11-05,-30.0,-42.857142857142854
2021-11-08,-20.0,-28.57142857142857
2021-11-09,-20.0,-28.57142857142857
2021-11-10,-20.0,-28.57142857142857
2021-11-11,-20.0,-28.57142857142857
2021-11-12,-10.0,-14.285714285714285
2021-11-15,-20.0,-28.57142857142857
2021-11-16,-20.0,-28.57142857142857
2021-11-17,-10.0,-14.285714285714285
2021-11-18,-20.0,-28.57142857142857
2021-11-19,-10.0,-14.285714285714285
2021-11-22,-20.0,-28.57142857142857
2021-11-23,-20.0,-28.57142857142857
2021-11-24,20.0,28.57142857142857
2021-11-25,10.0,14.285714285714285
2021-11-26,10.0,14.285714285714285
2021-11-29,30.0,42.857142857142854
2021-11-30,30.0,42.857142857142854
2021-12-01,30.0,42.857142857142854
2021-12-02,30.0,42.857142857142854
2021-12-03,30.0,42.857142857142854
2021-12-06,30.0,42.857142857142854
2021-12-07,30.0,42.857142857142854
2021-12-08,50.0,71.42857142857143
2021-12-09,50.0,71.42857142857143
2021-12-10,50.0,71.42857142857143
2021-12-13,50.0,71.42857142857143
2021-12-14,50.0,71.42857142857143
2021-12-15,30.0,42.857142857142854
2021-12-16,50.0,71.42857142857143
2021-12-17,30.0,42.857142857142854
2021-12-20,20.0,28.57142857142857
2021-12-21,30.0,42.857142857142854
2021-12-22,30.0,42.857142857142854
2021-12-23,30.0,42.857142857142854
2021-12-24,20.0,28.57142857142857
2021-12-27,10.0,14.285714285714285
2021-12-28,20.0,28.57142857142857
2021-12-29,10.0,14.285714285714285
2021-12-30,20.0,28.57142857142857
2021-12-31,0.0,0.0
2022-01-04,-10.0,-14.285714285714285
2022-01-05,-20.0,-28.57142857142857
2022-01-06,-10.0,-14.285714285714285
2022-01-07,-20.0,-28.57142857142857
2022-01-10,-10.0,-14.285714285714285
2022-01-11,-10.0,-14.285714285714285
2022-01-12,-10.0,-14.285714285714285
2022-01-13,-10.0,-14.285714285714285
2022-01-14,-20.0,-28.57142857142857
2022-01-17,-20.0,-28.57142857142857
2022-01-18,-30.0,-42.857142857142854
2022-01-19,-20.0,-28.57142857142857
2022-01-20,-30.0,-42.857142857142854
2022-01-21,-20.0,-28.57142857142857
2022-01-24,-20.0,-28.57142857142857
2022-01-25,-40.0,-57.14285714285714
2022-01-26,-20.0,-28.57142857142857
2022-01-27,-60.0,-85.71428571428571
2022-01-28,-60.0,-85.71428571428571
2022-02-07,-40.0,-57.14285714285714
2022-02-08,-30.0,-42.857142857142854
2022-02-09,-30.0,-42.857142857142854
2022-02-10,-30.0,-42.857142857142854
2022-02-11,-30.0,-42.857142857142854
2022-02-14,-20.0,-28.57142857142857
2022-02-15,-20.0,-28.57142857142857
2022-02-16,-20.0,-28.57142857142857
2022-02-17,-20.0,-28.57142857142857
2022-02-18,-10.0,-14.285714285714285
2022-02-21,-10.0,-14.285714285714285
2022-02-22,-30.0,-42.857142857142854
2022-02-23,-20.0,-28.57142857142857
2022-02-24,-30.0,-42.857142857142854
2022-02-25,-30.0,-42.857142857142854
2022-02-28,-30.0,-42.857142857142854
2022-03-01,10.0,14.285714285714285
2022-03-02,10.0,14.285714285714285
2022-03-03,20.0,28.57142857142857
2022-03-04,10.0,14.285714285714285
2022-03-07,10.0,14.285714285714285
2022-03-08,-70.0,-100.0
2022-03-09,-70.0,-100.0
2022-03-10,-50.0,-71.42857142857143
2022-03-11,-50.0,-71.42857142857143
2022-03-14,-60.0,-85.71428571428571
2022-03-15,-70.0,-100.0
2022-03-16,-50.0,-71.42857142857143
2022-03-17,-50.0,-71.42857142857143
2022-03-18,-40.0,-57.14285714285714
2022-03-21,-20.0,-28.57142857142857
2022-03-22,-20.0,-28.57142857142857
2022-03-23,-20.0,-28.57142857142857
2022-03-24,-20.0,-28.57142857142857
2022-03-25,-20.0,-28.57142857142857
2022-03-28,-20.0,-28.57142857142857
2022-03-29,-20.0,-28.57142857142857
2022-03-30,-20.0,-28.57142857142857
2022-03-31,-30.0,-42.857142857142854
2022-04-01,-10.0,-14.285714285714285
2022-04-06,-20.0,-28.57142857142857
2022-04-07,-30.0,-42.857142857142854
2022-04-08,-30.0,-42.857142857142854
2022-04-11,-30.0,-42.857142857142854
2022-04-12,-30.0,-42.857142857142854
2022-04-13,-30.0,-42.857142857142854
2022-04-14,0.0,0.0
2022-04-15,10.0,14.285714285714285
2022-04-18,-20.0,-28.57142857142857
2022-04-19,-20.0,-28.57142857142857
2022-04-20,-20.0,-28.57142857142857
2022-04-21,-50.0,-71.42857142857143
2022-04-22,-40.0,-57.14285714285714
2022-04-25,-70.0,-100.0
2022-04-26,-70.0,-100.0
2022-04-27,-50.0,-71.42857142857143
2022-04-28,-40.0,-57.14285714285714
2022-04-29,-50.0,-71.42857142857143
2022-05-05,-20.0,-28.57142857142857
2022-05-06,-20.0,-28.57142857142857
2022-05-09,-20.0,-28.57142857142857
2022-05-10,-20.0,-28.57142857142857
2022-05-11,-30.0,-42.857142857142854
2022-05-12,-20.0,-28.57142857142857
2022-05-13,-10.0,-14.285714285714285
2022-05-16,-20.0,-28.57142857142857
2022-05-17,-10.0,-14.285714285714285
2022-05-18,-10.0,-14.285714285714285
2022-05-19,-10.0,-14.285714285714285
2022-05-20,-20.0,-28.57142857142857
2022-05-23,10.0,14.285714285714285
2022-05-24,10.0,14.285714285714285
2022-05-25,10.0,14.285714285714285
2022-05-26,20.0,28.57142857142857
2022-05-27,10.0,14.285714285714285
2022-05-30,10.0,14.285714285714285
2022-05-31,40.0,57.14285714285714
2022-06-01,20.0,28.57142857142857
2022-06-02,20.0,28.57142857142857
2022-06-06,60.0,85.71428571428571
2022-06-07,40.0,57.14285714285714
2022-06-08,40.0,57.14285714285714
2022-06-09,20.0,28.57142857142857
2022-06-10,40.0,57.14285714285714
2022-06-13,20.0,28.57142857142857
2022-06-14,40.0,57.14285714285714
2022-06-15,50.0,71.42857142857143
2022-06-16,30.0,42.857142857142854
2022-06-17,40.0,57.14285714285714
2022-06-20,50.0,71.42857142857143
2022-06-21,40.0,57.14285714285714
2022-06-22,20.0,28.57142857142857
2022-06-23,20.0,28.57142857142857
2022-06-24,40.0,57.14285714285714
2022-06-27,70.0,100.0
2022-06-28,60.0,85.71428571428571
2022-06-29,50.0,71.42857142857143
2022-06-30,40.0,57.14285714285714
2022-07-01,20.0,28.57142857142857
2022-07-04,40.0,57.14285714285714
2022-07-05,40.0,57.14285714285714
2022-07-06,20.0,28.57142857142857
2022-07-07,20.0,28.57142857142857
2022-07-08,20.0,28.57142857142857
2022-07-11,10.0,14.285714285714285
2022-07-12,10.0,14.285714285714285
2022-07-13,10.0,14.285714285714285
2022-07-14,10.0,14.285714285714285
2022-07-15,-20.0,-28.57142857142857
2022-07-18,-10.0,-14.285714285714285
2022-07-19,-10.0,-14.285714285714285
2022-07-20,-10.0,-14.285714285714285
2022-07-21,-10.0,-14.285714285714285
2022-07-22,-10.0,-14.285714285714285
2022-07-25,-10.0,-14.285714285714285
2022-07-26,-10.0,-14.285714285714285
2022-07-27,-10.0,-14.285714285714285
2022-07-28,-10.0,-14.285714285714285
2022-07-29,-10.0,-14.285714285714285
2022-08-01,-10.0,-14.285714285714285
2022-08-02,-20.0,-28.57142857142857
2022-08-03,-30.0,-42.857142857142854
2022-08-04,-20.0,-28.57142857142857
2022-08-05,-20.0,-28.57142857142857
2022-08-08,-20.0,-28.57142857142857
2022-08-09,-20.0,-28.57142857142857
2022-08-10,-20.0,-28.57142857142857
2022-08-11,-20.0,-28.57142857142857
2022-08-12,-20.0,-28.57142857142857
2022-08-15,-10.0,-14.285714285714285
2022-08-16,-20.0,-28.57142857142857
2022-08-17,-20.0,-28.57142857142857
2022-08-18,-10.0,-14.285714285714285
2022-08-19,20.0,28.57142857142857
2022-08-22,30.0,42.857142857142854
2022-08-23,30.0,42.857142857142854
2022-08-24,10.0,14.285714285714285
2022-08-25,10.0,14.285714285714285
2022-08-26,10.0,14.285714285714285
2022-08-29,0.0,0.0
2022-08-30,0.0,0.0
2022-08-31,10.0,14.285714285714285
2022-09-01,-20.0,-28.57142857142857
2022-09-02,-20.0,-28.57142857142857
2022-09-05,-20.0,-28.57142857142857
2022-09-06,-20.0,-28.57142857142857
2022-09-07,-10.0,-14.285714285714285
2022-09-08,-10.0,-14.285714285714285
2022-09-09,-10.0,-14.285714285714285
2022-09-13,-10.0,-14.285714285714285
2022-09-14,-20.0,-28.57142857142857
2022-09-15,-30.0,-42.857142857142854
2022-09-16,-50.0,-71.42857142857143
2022-09-19,-60.0,-85.71428571428571
2022-09-20,-40.0,-57.14285714285714
2022-09-21,-20.0,-28.57142857142857
2022-09-22,-40.0,-57.14285714285714
2022-09-23,-40.0,-57.14285714285714
2022-09-26,-40.0,-57.14285714285714
2022-09-27,-20.0,-28.57142857142857
2022-09-28,-40.0,-57.14285714285714
2022-09-29,-40.0,-57.14285714285714
2022-09-30,-40.0,-57.14285714285714
2022-10-10,-60.0,-85.71428571428571
2022-10-11,-60.0,-85.71428571428571
2022-10-12,-20.0,-28.57142857142857
2022-10-13,-20.0,-28.57142857142857
2022-10-14,-30.0,-42.857142857142854
2022-10-17,-30.0,-42.857142857142854
2022-10-18,-20.0,-28.57142857142857
2022-10-19,-20.0,-28.57142857142857
2022-10-20,-30.0,-42.857142857142854
2022-10-21,-30.0,-42.857142857142854
2022-10-24,-30.0,-42.857142857142854
2022-10-25,-30.0,-42.857142857142854
2022-10-26,-30.0,-42.857142857142854
2022-10-27,-30.0,-42.857142857142854
2022-10-28,-70.0,-100.0
2022-10-31,-50.0,-71.42857142857143
2022-11-01,-30.0,-42.857142857142854
2022-11-02,-30.0,-42.857142857142854
2022-11-03,-20.0,-28.57142857142857
2022-11-04,-20.0,-28.57142857142857
2022-11-07,-20.0,-28.57142857142857
2022-11-08,-10.0,-14.285714285714285
2022-11-09,-10.0,-14.285714285714285
2022-11-10,-10.0,-14.285714285714285
2022-11-11,-20.0,-28.57142857142857
2022-11-14,20.0,28.57142857142857
2022-11-15,40.0,57.14285714285714
2022-11-16,40.0,57.14285714285714
2022-11-17,30.0,42.857142857142854
2022-11-18,20.0,28.57142857142857
2022-11-21,10.0,14.285714285714285
2022-11-22,20.0,28.57142857142857
2022-11-23,20.0,28.57142857142857
2022-11-24,10.0,14.285714285714285
2022-11-25,20.0,28.57142857142857
2022-11-28,20.0,28.57142857142857
2022-11-29,20.0,28.57142857142857
2022-11-30,20.0,28.57142857142857
2022-12-01,40.0,57.14285714285714
2022-12-02,10.0,14.285714285714285
2022-12-05,70.0,100.0
2022-12-06,50.0,71.42857142857143
2022-12-07,50.0,71.42857142857143
2022-12-08,40.0,57.14285714285714
2022-12-09,50.0,71.42857142857143
2022-12-12,20.0,28.57142857142857
2022-12-13,20.0,28.57142857142857
2022-12-14,20.0,28.57142857142857
2022-12-15,20.0,28.57142857142857
2022-12-16,20.0,28.57142857142857
2022-12-19,10.0,14.285714285714285
2022-12-20,10.0,14.285714285714285
2022-12-21,10.0,14.285714285714285
2022-12-22,-10.0,-14.285714285714285
2022-12-23,-30.0,-42.857142857142854
2022-12-26,-20.0,-28.57142857142857
2022-12-27,-20.0,-28.57142857142857
2022-12-28,-20.0,-28.57142857142857
2022-12-29,-20.0,-28.57142857142857
2022-12-30,-20.0,-28.57142857142857
2023-01-03,-20.0,-28.57142857142857
2023-01-04,-20.0,-28.57142857142857
2023-01-05,-20.0,-28.57142857142857
2023-01-06,-10.0,-14.285714285714285
2023-01-09,-10.0,-14.285714285714285
2023-01-10,0.0,0.0
2023-01-11,-10.0,-14.285714285714285
2023-01-12,20.0,28.57142857142857
2023-01-13,40.0,57.14285714285714
2023-01-16,50.0,71.42857142857143
2023-01-17,40.0,57.14285714285714
2023-01-18,40.0,57.14285714285714
2023-01-19,40.0,57.14285714285714
2023-01-20,50.0,71.42857142857143
2023-01-30,50.0,71.42857142857143
2023-01-31,50.0,71.42857142857143
2023-02-01,50.0,71.42857142857143
2023-02-02,50.0,71.42857142857143
2023-02-03,50.0,71.42857142857143
2023-02-06,20.0,28.57142857142857
2023-02-07,20.0,28.57142857142857
2023-02-08,20.0,28.57142857142857
2023-02-09,20.0,28.57142857142857
2023-02-10,20.0,28.57142857142857
2023-02-13,30.0,42.857142857142854
2023-02-14,50.0,71.42857142857143
2023-02-15,20.0,28.57142857142857
2023-02-16,30.0,42.857142857142854
2023-02-17,10.0,14.285714285714285
2023-02-20,30.0,42.857142857142854
2023-02-21,30.0,42.857142857142854
2023-02-22,20.0,28.57142857142857
2023-02-23,20.0,28.57142857142857
2023-02-24,20.0,28.57142857142857
2023-02-27,10.0,14.285714285714285
2023-02-28,20.0,28.57142857142857
2023-03-01,30.0,42.857142857142854
2023-03-02,30.0,42.857142857142854
2023-03-03,30.0,42.857142857142854
2023-03-06,30.0,42.857142857142854
2023-03-07,30.0,42.857142857142854
2023-03-08,20.0,28.57142857142857
2023-03-09,10.0,14.285714285714285
2023-03-10,10.0,14.285714285714285
2023-03-13,-10.0,-14.285714285714285
2023-03-14,-20.0,-28.57142857142857
2023-03-15,-20.0,-28.57142857142857
2023-03-16,-20.0,-28.57142857142857
2023-03-17,-20.0,-28.57142857142857
2023-03-20,-20.0,-28.57142857142857
2023-03-21,-10.0,-14.285714285714285
2023-03-22,0.0,0.0
2023-03-23,0.0,0.0
2023-03-24,-10.0,-14.285714285714285
2023-03-27,-20.0,-28.57142857142857
2023-03-28,-10.0,-14.285714285714285
2023-03-29,-10.0,-14.285714285714285
2023-03-30,0.0,0.0
2023-03-31,0.0,0.0
2023-04-03,-10.0,-14.285714285714285
2023-04-04,-10.0,-14.285714285714285
2023-04-06,30.0,42.857142857142854
2023-04-07,20.0,28.57142857142857
2023-04-10,30.0,42.857142857142854
2023-04-11,20.0,28.57142857142857
2023-04-12,30.0,42.857142857142854
2023-04-13,30.0,42.857142857142854
2023-04-14,30.0,42.857142857142854
2023-04-17,50.0,71.42857142857143
2023-04-18,50.0,71.42857142857143
2023-04-19,30.0,42.857142857142854
2023-04-20,30.0,42.857142857142854
2023-04-21,20.0,28.57142857142857
2023-04-24,20.0,28.57142857142857
2023-04-25,20.0,28.57142857142857
2023-04-26,20.0,28.57142857142857
2023-04-27,10.0,14.285714285714285
2023-04-28,30.0,42.857142857142854
2023-05-04,30.0,42.857142857142854
2023-05-05,-10.0,-14.285714285714285
2023-05-08,50.0,71.42857142857143
2023-05-09,50.0,71.42857142857143
2023-05-10,-20.0,-28.57142857142857
2023-05-11,-10.0,-14.285714285714285
2023-05-12,-10.0,-14.285714285714285
2023-05-15,-10.0,-14.285714285714285
2023-05-16,-10.0,-14.285714285714285
2023-05-17,-10.0,-14.285714285714285
2023-05-18,-10.0,-14.285714285714285
2023-05-19,-10.0,-14.285714285714285
2023-05-22,-10.0,-14.285714285714285
2023-05-23,-10.0,-14.285714285714285
2023-05-24,-10.0,-14.285714285714285
2023-05-25,-10.0,-14.285714285714285
2023-05-26,-20.0,-28.57142857142857
2023-05-29,-20.0,-28.57142857142857
2023-05-30,-20.0,-28.57142857142857
2023-05-31,-20.0,-28.57142857142857
2023-06-01,-20.0,-28.57142857142857
2023-06-02,-20.0,-28.57142857142857
2023-06-05,-20.0,-28.57142857142857
2023-06-06,-20.0,-28.57142857142857
2023-06-07,-20.0,-28.57142857142857
2023-06-08,-20.0,-28.57142857142857
2023-06-09,-30.0,-42.857142857142854
2023-06-12,-30.0,-42.857142857142854
2023-06-13,-20.0,-28.57142857142857
2023-06-14,-30.0,-42.857142857142854
2023-06-15,-20.0,-28.57142857142857
2023-06-16,-20.0,-28.57142857142857
2023-06-19,-20.0,-28.57142857142857
2023-06-20,10.0,14.285714285714285
2023-06-21,0.0,0.0
2023-06-26,10.0,14.285714285714285
2023-06-27,-20.0,-28.57142857142857
2023-06-28,-20.0,-28.57142857142857
2023-06-29,-20.0,-28.57142857142857
2023-06-30,-20.0,-28.57142857142857
2023-07-03,-20.0,-28.57142857142857
2023-07-04,-10.0,-14.285714285714285
2023-07-05,-10.0,-14.285714285714285
2023-07-06,-20.0,-28.57142857142857
2023-07-07,-20.0,-28.57142857142857
2023-07-10,-20.0,-28.57142857142857
2023-07-11,-10.0,-14.285714285714285
2023-07-12,-20.0,-28.57142857142857
2023-07-13,-10.0,-14.285714285714285
2023-07-14,-10.0,-14.285714285714285
2023-07-17,-20.0,-28.57142857142857
2023-07-18,-20.0,-28.57142857142857
2023-07-19,-20.0,-28.57142857142857
2023-07-20,-20.0,-28.57142857142857
2023-07-21,-20.0,-28.57142857142857
2023-07-24,-20.0,-28.57142857142857
2023-07-25,-20.0,-28.57142857142857
2023-07-26,-20.0,-28.57142857142857
2023-07-27,-20.0,-28.57142857142857
2023-07-28,-20.0,-28.57142857142857
2023-07-31,60.0,85.71428571428571
2023-08-01,40.0,57.14285714285714
2023-08-02,20.0,28.57142857142857
2023-08-03,30.0,42.857142857142854
2023-08-04,30.0,42.857142857142854
2023-08-07,30.0,42.857142857142854
2023-08-08,20.0,28.57142857142857
2023-08-09,10.0,14.285714285714285
2023-08-10,20.0,28.57142857142857
2023-08-11,20.0,28.57142857142857
2023-08-14,0.0,0.0
2023-08-15,0.0,0.0
2023-08-16,0.0,0.0
2023-08-17,-20.0,-28.57142857142857
2023-08-18,-20.0,-28.57142857142857
2023-08-21,-40.0,-57.14285714285714
2023-08-22,-20.0,-28.57142857142857
2023-08-23,-40.0,-57.14285714285714
2023-08-24,-20.0,-28.57142857142857
2023-08-25,-40.0,-57.14285714285714
2023-08-28,-30.0,-42.857142857142854
2023-08-29,-30.0,-42.857142857142854
2023-08-30,-30.0,-42.857142857142854
2023-08-31,-20.0,-28.57142857142857
2023-09-01,-20.0,-28.57142857142857
2023-09-04,-20.0,-28.57142857142857
2023-09-05,-10.0,-14.285714285714285
2023-09-06,-10.0,-14.285714285714285
2023-09-07,-20.0,-28.57142857142857
2023-09-08,-20.0,-28.57142857142857
2023-09-11,-20.0,-28.57142857142857
2023-09-12,-20.0,-28.57142857142857
2023-09-13,-20.0,-28.57142857142857
2023-09-14,0.0,0.0
2023-09-15,0.0,0.0
2023-09-18,0.0,0.0
2023-09-19,0.0,0.0
2023-09-20,0.0,0.0
2023-09-21,0.0,0.0
2023-09-22,-10.0,-14.285714285714285
2023-09-25,-20.0,-28.57142857142857
2023-09-26,-20.0,-28.57142857142857
2023-09-27,-20.0,-28.57142857142857
2023-09-28,-20.0,-28.57142857142857
2023-10-09,-30.0,-42.857142857142854
2023-10-10,-20.0,-28.57142857142857
2023-10-11,-30.0,-42.857142857142854
2023-10-12,-30.0,-42.857142857142854
2023-10-13,-30.0,-42.857142857142854
2023-10-16,-30.0,-42.857142857142854
2023-10-17,-30.0,-42.857142857142854
2023-10-18,-30.0,-42.857142857142854
2023-10-19,-50.0,-71.42857142857143
2023-10-20,-50.0,-71.42857142857143
2023-10-23,-70.0,-100.0
2023-10-24,-70.0,-100.0
2023-10-25,-50.0,-71.42857142857143
2023-10-26,-30.0,-42.857142857142854
2023-10-27,-30.0,-42.857142857142854
2023-10-30,-30.0,-42.857142857142854
2023-10-31,-30.0,-42.857142857142854
2023-11-01,-20.0,-28.57142857142857
2023-11-02,-20.0,-28.57142857142857
2023-11-03,-20.0,-28.57142857142857
2023-11-06,-20.0,-28.57142857142857
2023-11-07,-20.0,-28.57142857142857
2023-11-08,-20.0,-28.57142857142857
2023-11-09,-20.0,-28.57142857142857
2023-11-10,-20.0,-28.57142857142857
2023-11-13,-10.0,-14.285714285714285
2023-11-14,10.0,14.285714285714285
2023-11-15,10.0,14.285714285714285
2023-11-16,10.0,14.285714285714285
2023-11-17,10.0,14.285714285714285
2023-11-20,10.0,14.285714285714285
2023-11-21,20.0,28.57142857142857
2023-11-22,0.0,0.0
2023-11-23,10.0,14.285714285714285
2023-11-24,0.0,0.0
2023-11-27,10.0,14.285714285714285
2023-11-28,0.0,0.0
2023-11-29,0.0,0.0
2023-11-30,-20.0,-28.57142857142857
2023-12-01,-20.0,-28.57142857142857
2023-12-04,-20.0,-28.57142857142857
2023-12-05,-30.0,-42.857142857142854
2023-12-06,-30.0,-42.857142857142854
2023-12-07,-50.0,-71.42857142857143
2023-12-08,-30.0,-42.857142857142854
2023-12-11,-30.0,-42.857142857142854
2023-12-12,-20.0,-28.57142857142857
2023-12-13,-20.0,-28.57142857142857
2023-12-14,-20.0,-28.57142857142857
2023-12-15,-20.0,-28.57142857142857
2023-12-18,-40.0,-57.14285714285714
2023-12-19,-40.0,-57.14285714285714
2023-12-20,-40.0,-57.14285714285714
2023-12-21,-20.0,-28.57142857142857
2023-12-22,-30.0,-42.857142857142854
2023-12-25,-20.0,-28.57142857142857
2023-12-26,-40.0,-57.14285714285714
2023-12-27,-20.0,-28.57142857142857
2023-12-28,-20.0,-28.57142857142857
2023-12-29,-20.0,-28.57142857142857
2024-01-02,-20.0,-28.57142857142857
2024-01-03,-10.0,-14.285714285714285
2024-01-04,-20.0,-28.57142857142857
2024-01-05,-30.0,-42.857142857142854
2024-01-08,-20.0,-28.57142857142857
2024-01-09,-20.0,-28.57142857142857
2024-01-10,-20.0,-28.57142857142857
2024-01-11,-20.0,-28.57142857142857
2024-01-12,-20.0,-28.57142857142857
2024-01-15,-20.0,-28.57142857142857
2024-01-16,-30.0,-42.857142857142854
2024-01-17,-40.0,-57.14285714285714
2024-01-18,-30.0,-42.857142857142854
2024-01-19,-20.0,-28.57142857142857
2024-01-22,-70.0,-100.0
2024-01-23,-70.0,-100.0
2024-01-24,-30.0,-42.857142857142854
2024-01-25,-20.0,-28.57142857142857
2024-01-26,-20.0,-28.57142857142857
2024-01-29,-20.0,-28.57142857142857
2024-01-30,-30.0,-42.857142857142854
2024-01-31,-50.0,-71.42857142857143
2024-02-01,-50.0,-71.42857142857143
2024-02-02,-50.0,-71.42857142857143
2024-02-05,-70.0,-100.0
2024-02-06,-50.0,-71.42857142857143
2024-02-07,-20.0,-28.57142857142857
2024-02-08,-20.0,-28.57142857142857
2024-02-19,-20.0,-28.57142857142857
2024-02-20,-10.0,-14.285714285714285
2024-02-21,40.0,57.14285714285714
2024-02-22,50.0,71.42857142857143
2024-02-23,50.0,71.42857142857143
2024-02-26,30.0,42.857142857142854
2024-02-27,50.0,71.42857142857143
2024-02-28,20.0,28.57142857142857
2024-02-29,10.0,14.285714285714285
2024-03-01,20.0,28.57142857142857
2024-03-04,20.0,28.57142857142857
2024-03-05,60.0,85.71428571428571
2024-03-06,40.0,57.14285714285714
2024-03-07,20.0,28.57142857142857
2024-03-08,20.0,28.57142857142857
2024-03-11,40.0,57.14285714285714
2024-03-12,30.0,42.857142857142854
2024-03-13,20.0,28.57142857142857
2024-03-14,20.0,28.57142857142857
2024-03-15,20.0,28.57142857142857
2024-03-18,50.0,71.42857142857143
2024-03-19,20.0,28.57142857142857
2024-03-20,20.0,28.57142857142857
2024-03-21,20.0,28.57142857142857
2024-03-22,30.0,42.857142857142854
2024-03-25,20.0,28.57142857142857
2024-03-26,20.0,28.57142857142857
2024-03-27,10.0,14.285714285714285
2024-03-28,10.0,14.285714285714285
2024-03-29,0.0,0.0
2024-04-01,-10.0,-14.285714285714285
2024-04-02,-10.0,-14.285714285714285
2024-04-03,0.0,0.0
2024-04-08,-10.0,-14.285714285714285
2024-04-09,0.0,0.0
2024-04-10,-10.0,-14.285714285714285
2024-04-11,-10.0,-14.285714285714285
2024-04-12,-10.0,-14.285714285714285
2024-04-15,-10.0,-14.285714285714285
2024-04-16,-20.0,-28.57142857142857
2024-04-17,-10.0,-14.285714285714285
2024-04-18,-10.0,-14.285714285714285
2024-04-19,-10.0,-14.285714285714285
2024-04-22,0.0,0.0
2024-04-23,-10.0,-14.285714285714285
2024-04-24,20.0,28.57142857142857
2024-04-25,20.0,28.57142857142857
2024-04-26,30.0,42.857142857142854
2024-04-29,50.0,71.42857142857143
2024-04-30,50.0,71.42857142857143
2024-05-06,70.0,100.0
2024-05-07,60.0,85.71428571428571
2024-05-08,20.0,28.57142857142857
2024-05-09,40.0,57.14285714285714
2024-05-10,40.0,57.14285714285714
2024-05-13,30.0,42.857142857142854
2024-05-14,20.0,28.57142857142857
2024-05-15,20.0,28.57142857142857
2024-05-16,20.0,28.57142857142857
2024-05-17,30.0,42.857142857142854
2024-05-20,50.0,71.42857142857143
2024-05-21,20.0,28.57142857142857
2024-05-22,20.0,28.57142857142857
2024-05-23,10.0,14.285714285714285
2024-05-24,10.0,14.285714285714285
2024-05-27,20.0,28.57142857142857
2024-05-28,10.0,14.285714285714285
2024-05-29,10.0,14.285714285714285
2024-05-30,-10.0,-14.285714285714285
2024-05-31,-10.0,-14.285714285714285
2024-06-03,-20.0,-28.57142857142857
2024-06-04,-10.0,-14.285714285714285
2024-06-05,-10.0,-14.285714285714285
2024-06-06,-20.0,-28.57142857142857
2024-06-07,-10.0,-14.285714285714285
2024-06-11,-10.0,-14.285714285714285
2024-06-12,-10.0,-14.285714285714285
2024-06-13,-10.0,-14.285714285714285
2024-06-14,-20.0,-28.57142857142857
2024-06-17,-10.0,-14.285714285714285
2024-06-18,-10.0,-14.285714285714285
2024-06-19,-20.0,-28.57142857142857
2024-06-20,-20.0,-28.57142857142857
2024-06-21,-20.0,-28.57142857142857
2024-06-24,-40.0,-57.14285714285714
2024-06-25,-40.0,-57.14285714285714
2024-06-26,-20.0,-28.57142857142857
2024-06-27,-40.0,-57.14285714285714
2024-06-28,-30.0,-42.857142857142854
2024-07-01,-20.0,-28.57142857142857
2024-07-02,-20.0,-28.57142857142857
2024-07-03,-20.0,-28.57142857142857
2024-07-04,-20.0,-28.57142857142857
2024-07-05,-20.0,-28.57142857142857
2024-07-08,-20.0,-28.57142857142857
2024-07-09,-30.0,-42.857142857142854
2024-07-10,-30.0,-42.857142857142854
2024-07-11,-30.0,-42.857142857142854
2024-07-12,-30.0,-42.857142857142854
2024-07-15,-20.0,-28.57142857142857
2024-07-16,-20.0,-28.57142857142857
2024-07-17,-20.0,-28.57142857142857
2024-07-18,-20.0,-28.57142857142857
2024-07-19,-10.0,-14.285714285714285
2024-07-22,-20.0,-28.57142857142857
2024-07-23,-30.0,-42.857142857142854
2024-07-24,-30.0,-42.857142857142854
2024-07-25,-20.0,-28.57142857142857
2024-07-26,-20.0,-28.57142857142857
2024-07-29,-20.0,-28.57142857142857
2024-07-30,-40.0,-57.14285714285714
2024-07-31,-30.0,-42.857142857142854
2024-08-01,-30.0,-42.857142857142854
2024-08-02,-30.0,-42.857142857142854
2024-08-05,-30.0,-42.857142857142854
2024-08-06,-20.0,-28.57142857142857
2024-08-07,-20.0,-28.57142857142857
2024-08-08,-20.0,-28.57142857142857
2024-08-09,-20.0,-28.57142857142857
2024-08-12,-20.0,-28.57142857142857
2024-08-13,-20.0,-28.57142857142857
2024-08-14,-20.0,-28.57142857142857
2024-08-15,-20.0,-28.57142857142857
2024-08-16,-20.0,-28.57142857142857
2024-08-19,-10.0,-14.285714285714285
2024-08-20,-20.0,-28.57142857142857
2024-08-21,-20.0,-28.57142857142857
2024-08-22,-20.0,-28.57142857142857
2024-08-23,-20.0,-28.57142857142857
2024-08-26,-20.0,-28.57142857142857
2024-08-27,-20.0,-28.57142857142857
2024-08-28,-20.0,-28.57142857142857
2024-08-29,-30.0,-42.857142857142854
2024-08-30,-30.0,-42.857142857142854
2024-09-02,-30.0,-42.857142857142854
2024-09-03,-30.0,-42.857142857142854
2024-09-04,-40.0,-57.14285714285714
2024-09-05,-40.0,-57.14285714285714
2024-09-06,-40.0,-57.14285714285714
2024-09-09,-50.0,-71.42857142857143
2024-09-10,-50.0,-71.42857142857143
2024-09-11,-40.0,-57.14285714285714
2024-09-12,-40.0,-57.14285714285714
2024-09-13,-40.0,-57.14285714285714
2024-09-18,-40.0,-57.14285714285714
2024-09-19,-30.0,-42.857142857142854
2024-09-20,-30.0,-42.857142857142854
2024-09-23,-20.0,-28.57142857142857
2024-09-24,-20.0,-28.57142857142857
2024-09-25,-20.0,-28.57142857142857
2024-09-26,-20.0,-28.57142857142857
2024-09-27,60.0,85.71428571428571
2024-09-30,60.0,85.71428571428571
2024-10-08,70.0,100.0
2024-10-09,70.0,100.0
2024-10-10,70.0,100.0
2024-10-11,50.0,71.42857142857143
2024-10-14,50.0,71.42857142857143
2024-10-15,30.0,42.857142857142854
2024-10-16,20.0,28.57142857142857
2024-10-17,20.0,28.57142857142857
2024-10-18,50.0,71.42857142857143
2024-10-21,30.0,42.857142857142854
2024-10-22,40.0,57.14285714285714
2024-10-23,50.0,71.42857142857143
2024-10-24,40.0,57.14285714285714
2024-10-25,20.0,28.57142857142857
2024-10-28,20.0,28.57142857142857
2024-10-29,30.0,42.857142857142854
2024-10-30,20.0,28.57142857142857
2024-10-31,30.0,42.857142857142854
2024-11-01,30.0,42.857142857142854
2024-11-04,20.0,28.57142857142857
2024-11-05,-10.0,-14.285714285714285
2024-11-06,70.0,100.0
2024-11-07,70.0,100.0
2024-11-08,70.0,100.0
2024-11-11,70.0,100.0
2024-11-12,30.0,42.857142857142854
2024-11-13,40.0,57.14285714285714
2024-11-14,20.0,28.57142857142857
2024-11-15,10.0,14.285714285714285
2024-11-18,20.0,28.57142857142857
2024-11-19,20.0,28.57142857142857
2024-11-20,20.0,28.57142857142857
2024-11-21,20.0,28.57142857142857
2024-11-22,10.0,14.285714285714285
2024-11-25,10.0,14.285714285714285
2024-11-26,-10.0,-14.285714285714285
2024-11-27,-10.0,-14.285714285714285
2024-11-28,-10.0,-14.285714285714285
2024-11-29,0.0,0.0
2024-12-02,0.0,0.0
2024-12-03,0.0,0.0
2024-12-04,0.0,0.0
2024-12-05,0.0,0.0
2024-12-06,-10.0,-14.285714285714285
2024-12-09,-10.0,-14.285714285714285
2024-12-10,-10.0,-14.285714285714285
2024-12-11,30.0,42.857142857142854
2024-12-12,50.0,71.42857142857143
2024-12-13,30.0,42.857142857142854
2024-12-16,30.0,42.857142857142854
2024-12-17,10.0,14.285714285714285
2024-12-18,20.0,28.57142857142857
2024-12-19,10.0,14.285714285714285
2024-12-20,10.0,14.285714285714285
2024-12-23,10.0,14.285714285714285
2024-12-24,20.0,28.57142857142857
2024-12-25,20.0,28.57142857142857
2024-12-26,20.0,28.57142857142857
2024-12-27,20.0,28.57142857142857
2024-12-30,20.0,28.57142857142857
2024-12-31,-10.0,-14.285714285714285
2025-01-02,-30.0,-42.857142857142854
2025-01-03,-50.0,-71.42857142857143
2025-01-06,-50.0,-71.42857142857143
2025-01-07,-30.0,-42.857142857142854
2025-01-08,-30.0,-42.857142857142854
2025-01-09,-10.0,-14.285714285714285
2025-01-10,-30.0,-42.857142857142854
2025-01-13,-30.0,-42.857142857142854
2025-01-14,-10.0,-14.285714285714285
2025-01-15,-20.0,-28.57142857142857
2025-01-16,-20.0,-28.57142857142857
2025-01-17,-20.0,-28.57142857142857
2025-01-20,-20.0,-28.57142857142857
2025-01-21,-20.0,-28.57142857142857
2025-01-22,-20.0,-28.57142857142857
2025-01-23,-30.0,-42.857142857142854
2025-01-24,-20.0,-28.57142857142857
2025-01-27,-20.0,-28.57142857142857
2025-02-05,-20.0,-28.57142857142857
2025-02-06,-20.0,-28.57142857142857
2025-02-07,20.0,28.57142857142857
2025-02-10,20.0,28.57142857142857
2025-02-11,20.0,28.57142857142857
2025-02-12,50.0,71.42857142857143
2025-02-13,30.0,42.857142857142854
2025-02-14,30.0,42.857142857142854
2025-02-17,30.0,42.857142857142854
2025-02-18,30.0,42.857142857142854
2025-02-19,30.0,42.857142857142854
2025-02-20,30.0,42.857142857142854
2025-02-21,50.0,71.42857142857143
2025-02-24,30.0,42.857142857142854
2025-02-25,30.0,42.857142857142854
2025-02-26,30.0,42.857142857142854
2025-02-27,30.0,42.857142857142854
2025-02-28,20.0,28.57142857142857
2025-03-03,10.0,14.285714285714285
2025-03-04,10.0,14.285714285714285
2025-03-05,20.0,28.57142857142857
2025-03-06,30.0,42.857142857142854
2025-03-07,20.0,28.57142857142857
2025-03-10,20.0,28.57142857142857
